kelurahan,rainfall_mm,temperature_c,humidity_pct,wind_speed_kmh,rainfall_anomaly_z,poverty_rate,unemployment_rate,water_access,electricity_access,population_density,health_access_index,education_index,road_damage_ratio,drainage_quality,building_density,green_space_ratio,flood_count,landslide_count,total_disasters,avg_damage_idr,rainfall_anomaly_z_norm,road_damage_ratio_norm,poverty_rate_norm,flood_count_norm,population_density_norm,uss_proxy,uss_zone,ussLabel
Ancol,143.34621771759447,25.81310721726766,76.25855037418224,1.848737650760773,-0.5289765892824566,0.1046452150589912,0.0119737086366271,0.9571506855236284,0.9012728614956173,30882.90689622632,0.6333734702867708,0.766569265074123,0.0795399081703326,0.7063360475256403,0.7559188617251482,0.4365046305850169,2.0,0.0,10.0,346829116.5441464,0.16342694305380545,0.0995952071271114,0.9999999903234078,0.2857142856734694,0.5798048592438686,42.570825708433254,🟡 KUNING,0
Antapani Kidul,89.93385616213479,22.536982697904097,88.94905246025878,1.5996464776063817,-1.0821608820739137,0.0320158267619885,0.0216168910887222,0.9115304112630858,0.989734823955746,22484.450274077688,0.4707372383890547,0.8214997048357788,0.1797050604970441,0.6383184281243338,0.5682500256359724,0.3566061018608966,6.0,2.0,6.0,19917593.415640153,0.0699146488899244,0.23409330347339471,0.29719502071576837,0.8571428570204082,0.39520615256177327,37.071039653225384,🟢 HIJAU,0
Antapani Kulon,269.21652285920226,21.62827569764112,76.00828681216741,1.0618283346888444,0.7746444022909412,0.0303485281298287,0.0251805148836617,0.5004370293890739,0.919023063860646,26049.8663884028,0.3585651263917698,0.6867049854467431,0.388566276965553,0.816052279392858,0.6749798097197341,0.4354326272278744,2.0,0.0,8.0,29445064.538996637,0.3837957988415786,0.5145444919661434,0.28106125183821495,0.2857142856734694,0.4735742662640184,38.77380189166849,🟢 HIJAU,0
Antapani Tengah,115.04303463760762,26.82632750430992,85.77256760763484,10.50041090768406,-0.8221086632049445,0.0479997086415772,0.0199556331274489,0.725265636561811,0.9498124917704307,25504.00520606941,0.8019986691417395,0.3906783192276899,0.0846273352675952,0.82818315600057,0.5216808702603234,0.310778683346731,3.0,2.0,5.0,78578614.22231828,0.11387482618659361,0.10642641782252851,0.4518645268481783,0.4285714285102041,0.46157619652094656,31.24626791776902,🟢 HIJAU,0
Antapani Wetan,365.54783841007657,24.520466122039178,83.16300759668118,22.289018122089924,1.7723342462674057,0.0135539226572576,0.0158885368223698,0.9197611111661732,0.9904010438017564,6081.400839891957,0.4310546613001058,0.5749049011971806,0.6434052833138456,0.5630089821227521,0.8783987371831019,0.3073097752184185,3.0,0.0,5.0,10864096.851185927,0.5524489355809747,0.8567329720158402,0.11854670413948772,0.4285714285102041,0.03466589529501691,39.81931871083047,🟡 KUNING,0
Arjuna,83.48510932084173,25.824261349042093,75.84474532444354,1.8014381845361835,-1.1489496432689743,0.0060062294430136,0.0216168910887222,0.8029386191537612,0.884498002071721,23660.423500209978,0.684377848017214,0.4068563612201955,0.1277686636684437,0.6486522948482548,0.8385020944229126,0.1034275024114713,4.0,1.0,8.0,632252805.4052483,0.05862443265439544,0.16435501283766943,0.045510755132831246,0.5714285713469388,0.4210541323041815,25.219458085520323,🟢 HIJAU,0
Babakan,139.89118786346927,28.78788817865065,79.20315029180966,4.433156400558644,-0.5647598460186916,0.0143394329023799,0.0099202488998248,0.8282750684158955,0.784531111336587,9874.651021378642,0.6054821625377488,0.7814635978269433,0.1293500551476645,0.4702682253020386,0.8093877598654046,0.1055064964164986,1.0,2.0,4.0,10031408.105047803,0.15737801058470888,0.166478447371465,0.1261477664214958,0.1428571428367347,0.11804181888762115,14.218063722040512,🟢 HIJAU,0
Babakan Ciamis,165.2022550914082,25.08614494659736,78.48430149673807,2.612384949049164,2.006916399941558,0.0133518641798549,0.0304670695197501,0.8999979409288934,0.649525178638103,23880.1747415326,0.6447521520033741,0.8095469540998402,0.2821998798435655,0.6626701064085576,0.6666689302620546,0.3754336266656979,7.0,1.0,4.0,7135251256.240565,0.5921035599906447,0.3717195913314638,0.11659146666055893,0.9999999998571428,0.4258842810761546,50.125977978319305,🟡 KUNING,0
Babakan Ciparay,165.2022550914082,24.354342174686256,81.30345163420499,1.0,0.0704826998637597,0.0054650512625747,0.0082647978230636,0.886957461233297,0.9695815725973504,22256.48266011396,0.974490834481022,0.6876527961497247,0.0159337914497912,0.6566780098069911,0.4311313476748801,0.1447491182750342,4.0,2.0,3.0,93829359.2313703,0.264761731688241,0.014187244216132577,0.040273994593139704,0.5714285713469388,0.39019540730268293,25.6169389829427,🟢 HIJAU,0
Babakan Surabaya,189.7828242742424,25.85919549786935,71.2822252625538,1.0,-0.0480392068190021,0.0197035192592489,0.0216168910887222,0.8431693127584494,0.9601511781290494,26818.28667574144,0.6995128125096605,0.4976734426569754,0.3025553098306243,0.6389244421861305,0.6482442475247842,0.1258605785999885,4.0,1.0,5.0,1570026601.9773777,0.24472635550889474,0.3990521168652903,0.1780538424247223,0.5714285713469388,0.49046420183347866,37.6745017595865,🟢 HIJAU,0
Babakan Tarogong,156.09992152007038,23.069392581480063,71.53361371715879,4.433156400558644,-0.3968882783936228,0.0428649924681774,0.007893519799393,0.8852826988573463,0.9498124917704307,14403.394536125114,0.8047192178414989,0.3722912915460973,0.0875528691864707,0.5123554270140237,0.4503123088737679,0.091933400389429,5.0,0.0,2.0,218612265.6867707,0.1857556337711742,0.11035471757294289,0.4021779725647653,0.7142857141836735,0.21758394112855808,32.60315958442228,🟢 HIJAU,0
Balonggede,399.2574343671519,25.447665841823575,82.3767790493603,1.0284497079468202,2.121459775578408,0.0101794666686134,0.0446787822169695,0.5657167425208317,0.8905454533246773,15695.359774374903,0.618633275643012,0.7358165682891376,0.2221509190021975,0.7680301678405393,0.4669265939705503,0.3324338341377166,4.0,0.0,5.0,7489866.193433998,0.6114663907446173,0.2910880469956328,0.08589346976494906,0.5714285713469388,0.24598143400006622,36.11715825704408,🟢 HIJAU,0
Batununggal,377.2184205219637,24.761481154572184,78.48430149673807,13.12748146581314,1.8932048186221868,0.0182391723218566,0.0095458378226755,0.8896125497944035,0.9724702108335382,16541.068666676645,0.7990573272941285,0.7100314055654361,0.152292841121347,0.7051974239790044,0.4124841019437281,0.3271349314605195,4.0,1.0,8.0,42919505.650015175,0.5728813387874374,0.19728517971961332,0.1638839543262498,0.5714285713469388,0.2645701789054973,35.40098446171473,🟢 HIJAU,0
Braga,161.2447363961056,23.071297163947264,88.2213191663074,1.5584945398648635,-0.3436041565937023,0.0152579462813754,0.0618448319076229,0.7195680278754676,0.8320836519203952,11785.52670104226,0.5750998284246671,0.7124363814309673,0.1863985723509345,0.1382328686419305,0.4314944014910685,0.2224827438347116,4.0,1.0,6.0,124119109.12633702,0.19476297641800647,0.2430811059307116,0.13503584578641292,0.5714285713469388,0.16004300969759744,26.087030183593345,🟢 HIJAU,0
Buah Batu,203.1063974899197,23.513998130682335,61.46046319968099,4.626199048911043,0.0899511611806738,0.0239662991728127,0.0109195923473727,0.8510656157182922,0.9498124917704307,4950.099885034527,0.5862654940722986,0.6358881097970439,0.1851029330337154,0.4820733053044775,0.385863099515874,0.276930197208092,1.0,1.0,8.0,46599707.82437918,0.26805275152613023,0.2413413689296738,0.2193030251294581,0.1428571428367347,0.009799815426943118,17.627082076978798,🟢 HIJAU,0
Burangrang,69.64144593439104,26.426752258488644,78.16803073306207,12.851953950608957,-1.2923265117889156,0.0228623619490626,0.0392179880361965,0.8803894137592139,0.9762482995046768,13826.94097657868,0.5260712162248392,0.8333686657026937,0.4365609916533659,0.4449967869260176,0.6495615145681032,0.391031981724546,0.0,0.0,8.0,220851787.1551194,0.03438748290718472,0.5789900362522314,0.20862067484153132,0.0,0.20491344863903,20.538232852799553,🟢 HIJAU,0
Campaka,217.19987499362475,24.663748278772644,78.19608139407154,4.433156400558644,0.2359153192672673,0.0137044959877418,0.0419847510163608,0.7214796255821104,0.8991150616879635,16541.068666676645,0.7393763548700588,0.5918301658811128,0.4220781732681007,0.365720862502127,0.7879591284580527,0.3139658585095765,6.0,1.0,3.0,147329705.9105959,0.29272706615552707,0.559543038396195,0.12000374084922738,0.8571428570204082,0.2645701789054973,41.87973762653711,🟡 KUNING,0
Caringin,273.40419067936546,24.62856003819093,79.46673604590681,5.947298800901621,0.8180154870750727,0.0431508485087971,0.0320685333083519,0.7814795147053756,0.977387637831547,19668.564858492977,0.9472531371350624,0.3266149098468923,0.1858264858537202,0.8648289751363047,0.5644564553299274,0.3128999280154056,1.0,0.0,7.0,53911219.280330606,0.3911274054894725,0.2423129291443402,0.404944084887209,0.1428571428367347,0.3333127798543334,30.291086844241793,🟢 HIJAU,0
Cibadak,217.1737670159408,20.765469614816503,89.60914886236033,1.6519339636366432,0.2356449226259144,0.0210620137836084,0.0091945463791821,0.8521131291762583,0.9877270883454596,6366.42718483899,0.8173536880173121,0.4704622379736147,0.3737010222714217,0.4562705045625924,0.7757668272231535,0.2624734884517043,1.0,1.0,5.0,32589375.579571236,0.2926813573192556,0.4945839726475886,0.19119943989279328,0.1428571428367347,0.04093079574217622,23.24505416877097,🟢 HIJAU,0
Cibaduyut,229.70507771761984,28.766066749312532,78.5927582433582,13.48082626051207,0.3654299395467728,0.0232762893445169,0.0308172275825349,0.7957613141681626,0.9637188228048869,29688.656274739904,0.6802257554878302,0.785902946512765,0.0406293571739403,0.7947000888449729,0.8489140312496816,0.408853675274997,2.0,0.0,4.0,113203115.75388074,0.31462069080814575,0.04734754498878778,0.21262608143248884,0.2857142856734694,0.5535551409802432,28.277274877662695,🟢 HIJAU,0
Cibaduyut Kidul,114.46715007047467,20.595824400954996,91.02892436457032,8.753709112127751,-0.8280730184163905,0.004452632663819,0.0599549514543663,0.8252710879199929,0.9755632823934894,22201.40501976732,0.4628367616428397,0.5302694033289479,0.4384009709406226,0.5460697415364557,0.8007331741099118,0.2657668509193646,4.0,0.0,4.0,41440462.42460212,0.11286658978816631,0.5814606930196211,0.030477232714614114,0.5714285713469388,0.388984796635447,33.704357670095746,🟢 HIJAU,0
Cibaduyut Wetan,393.4551965361207,24.196429809928834,66.95918833428087,5.923007650768355,2.061366816988025,0.0557704372200526,0.0503324366353879,0.8253375382024271,0.9498124917704307,18031.217911744152,0.6171530345331859,0.7780337037623528,0.4435268238961161,0.5576088919835475,0.684859957982511,0.5847174830486593,3.0,1.0,5.0,1002352791.840122,0.6013080574475432,0.5883435005494909,0.527058698112457,0.4285714285102041,0.29732377111639413,48.85210911472179,🟡 KUNING,0
Cibangkong,162.41650528332363,24.93291717916395,61.008834205521545,27.91247731301372,-0.331468311551208,0.0820327251333429,0.0433834853584483,0.5966895920602575,0.955030513558235,16666.575029084393,0.7998335429238363,0.6730206905507028,0.2207946848752721,0.6266000484649851,0.3009564674287315,0.2905284128585995,3.0,2.0,7.0,3052605.172351205,0.19681446400781918,0.289266945504404,0.7811881475200428,0.4285714285102041,0.2673288181678285,39.26339607420597,🟡 KUNING,0
Cibiru Hilir,167.22783167207757,23.5315318542675,69.45903656493924,3.283068811043386,-0.281638082962866,0.0165419018843776,0.0036334930230873,0.6107903964483763,0.915998801819678,11803.028250099102,0.6211414274470136,0.4998227423786495,0.2703666863748113,0.589261411798475,0.8196789341354417,0.2732091886148063,2.0,1.0,8.0,356692516.6852196,0.20523794792579647,0.3558304127271771,0.14746016051222977,0.2857142856734694,0.16042769505898943,23.093410037953245,🟢 HIJAU,0
Cibuntu,165.2022550914082,22.914958523134597,81.93535337205205,2.6278002464852066,0.4130950278820566,0.0292342068295865,0.0169425296685586,0.7582913165350661,0.9932064003206372,20234.18312150741,0.6769778925765141,0.8117198123102005,0.3457640572822913,0.6708270735662394,0.7673785611825775,0.3620264286000214,4.0,2.0,6.0,59111164.965925775,0.32267817150642136,0.45707123971153746,0.2702784190770834,0.5714285713469388,0.34574511171312733,39.34403026710216,🟡 KUNING,0
Cicadas,218.73238781984705,23.97068633352409,83.02676407411424,3.68250050400281,0.2517873383894201,0.008933262813905,0.0495562980658034,0.6888039036571698,0.8666067836855262,26002.754599548407,0.5051172278145287,0.7447819407903097,0.1860621232060169,0.6769660992445398,0.4206954079226868,0.3617788293097118,2.0,1.0,4.0,29774172.893952537,0.29541013026357654,0.24262933434690617,0.07383446331081643,0.2857142856734694,0.47253874561025144,27.402539184100398,🟢 HIJAU,0
Cicaheum,243.08922254093383,24.761481154572184,70.28061231535916,1.0,0.5040476391408211,0.0223158880837183,0.0009478493725259,0.850381901097156,0.9473564779664309,16541.068666676645,0.919168868061254,0.4382252311261223,0.0990454947431122,0.4547956095420578,0.6300614239147702,0.5074312880035344,2.0,1.0,2.0,465520176.2292993,0.33805313325033526,0.1257865940637523,0.20333267011878575,0.2857142856734694,0.2645701789054973,24.3491372402368,🟢 HIJAU,0
Cigending,457.6657399633637,22.358215003877778,72.58270630790311,2.3274929750591777,2.7263863559326333,0.0247780929696493,0.0073470809261628,0.8238157544906908,0.9697740866013048,23387.090685076382,0.6297188377556853,0.5674342706214864,0.1717814712890066,0.652408430694415,0.3579461238808989,0.2657668509193646,1.0,0.0,1.0,274928084.343797,0.7137253902620897,0.22345379821676664,0.22715842262200395,0.1428571428367347,0.41504625651967464,34.44482020914539,🟢 HIJAU,0
Cigereleng,237.76434159991,22.55063665954536,86.79021481589753,3.623848924087348,0.4488985985109579,0.0612442871193623,0.0179618617977486,0.8478961524450892,0.9887134981122956,17133.464031828153,0.3884836618108588,0.4052329829017932,0.3608149425945933,0.5618446814765433,0.6534937170453181,0.0880666351703106,4.0,1.0,4.0,52383375.24176682,0.3287305379101603,0.4772810170223939,0.5800269111502624,0.5714285713469388,0.2775910734783217,44.70116221816154,🟡 KUNING,0
Cigondewah Kaler,165.2022550914082,24.872908629538856,85.60339070548841,21.203080759679644,0.9535357344745782,0.0287231189988423,0.0144211086948404,0.9001719671610261,0.9083662261497994,4504.249931654395,0.6776224205864336,0.8483286353671341,0.2900182703688738,0.6907780106614899,0.5223573321916173,0.5300319031168007,3.0,1.0,1.0,97011399.19008608,0.4140362432947462,0.3822178396515571,0.2653328305794334,0.4285714285102041,0.0,29.803166840718813,🟢 HIJAU,0
Cigondewah Kidul,213.6577754503442,23.176427070463223,73.38477075470078,6.509203375237938,0.1992302940449305,0.0676528530281922,0.0185913017734142,0.7617578131838677,0.9850552396062684,19620.302579211973,0.6884090772288177,0.8345811704448363,0.1968536047865766,0.4109864161434458,0.8035152203653881,0.6836143752989702,2.0,1.0,2.0,33060296.583080176,0.28652569544651846,0.2571197403975762,0.6420399898005423,0.2857142856734694,0.33225197133466944,36.07303365305551,🟢 HIJAU,0
Cigondewah Rahayu,141.05099310265555,20.449714826684787,93.00936671372708,8.836476789454268,-0.552747906790936,0.0196648390375247,0.0191716495079598,0.8859596555858886,0.9498124917704307,9334.37235963562,0.638772556871864,0.5994933965160302,0.3841686148129105,0.6649884695785065,0.4010362267227915,0.1198954322294568,0.0,0.0,5.0,213007732.1533256,0.15940855268285192,0.5086394723643634,0.1776795496943178,0.0,0.10616645336597612,19.037880562150182,🟢 HIJAU,0
Cigugur Tengah,264.0045971240519,27.38254657813223,92.04272673954564,26.825411115325533,0.7206652227916959,0.0250568926612817,0.0114462278787922,0.9208868263836384,0.9791178564026584,6210.1245353083405,0.4629854531761808,0.5334720965802388,0.1836811871877602,0.535278859726111,0.5341663310221206,0.2668812375580249,7.0,1.0,5.0,105771592.4433977,0.3746709611015431,0.2394323007025773,0.22985625353313685,0.9999999998571428,0.03749525177827098,37.629095339453414,🟢 HIJAU,0
Cihapit,232.3760760065652,25.192896418993953,83.9783488409861,1.7084078479607605,0.3930930919798147,0.051921406170646,0.0081097607559736,0.887001647560464,0.9139145583536772,16541.068666676645,0.6331599171188946,0.8045944357891417,0.5983005759076374,0.4437397343154978,0.6898117028291605,0.2753648060432364,3.0,0.0,5.0,11175721.36583069,0.3192969711753363,0.7961680236133875,0.4898131944241283,0.4285714285102041,0.2645701789054973,45.96839593257106,🟡 KUNING,0
Cijagra,109.24405760150428,28.293585965307894,80.59333081990754,16.545077587904725,-0.882167850202319,0.0246282981204296,0.0306208785049143,0.7923741869487971,0.9203623419340844,8669.931742453222,0.6643380027073428,0.6028562639064373,0.1093952236279418,0.8225576376959074,0.5997336608565674,0.1397411602226957,2.0,2.0,3.0,22209157.951333705,0.10372220176300159,0.1396838307810623,0.2257089189579675,0.2857142856734694,0.09156199874803417,16.9278247184707,🟢 HIJAU,0
Cijaura,165.2022550914082,25.214030971930093,83.3573803906403,2.8691622034451365,0.0453867198378246,0.0287231189988423,0.0394107113634991,0.8557678696953521,0.82641450176742,21145.150407293837,0.641762354437619,0.6035689210970284,0.009063576455491,0.4953672934785316,0.7509779451754736,0.1230497368439917,2.0,2.0,5.0,294523019.04547393,0.26051941552507973,0.004962171256535496,0.2653328305794334,0.2857142856734694,0.3657682410036196,23.645938880762753,🟢 HIJAU,0
Cijerah,50.0,26.677901193934733,84.97856509376543,1.0,-1.495750196160855,0.0341990423505551,0.0312136958356132,0.8078851031089022,0.9217281517364564,10082.03677256848,0.5645743151430367,0.8050403109814283,0.4527973205672552,0.2860279500529095,0.7047447790564437,0.3720191162427811,2.0,1.0,7.0,149949916.49786276,0.0,0.6007915837949078,0.3183211075705133,0.2857142856734694,0.12260017325870612,26.54854300595193,🟢 HIJAU,0
Cikawao,89.46505922482336,22.72097114074895,82.76125620349531,2.5934147450292064,-0.18604438353349984,0.0129131424456707,0.0501182414734788,0.8536572316449098,0.8754412957428923,12447.506008841689,0.7692091516144196,0.7844241381451035,0.323737194997249,0.5940318308276978,0.5962717697591026,0.3168537842481557,3.0,1.0,2.0,338234519.0776343,0.22139745617239537,0.4274943761317085,0.11234613536575769,0.4285714285102041,0.17459336455063232,27.28805521461396,🟢 HIJAU,0
Cikutra,156.6717927377472,25.751334695530012,70.82196502811335,11.00983152311874,-0.3909654888762586,0.0545471687202469,0.0264402179080564,0.9590883417871452,0.9498124917704307,6436.41996576476,0.5314576879557036,0.7184561213306181,0.2867280689900613,0.6225919133312265,0.8863041605806126,0.1333082615847759,4.0,2.0,4.0,62404284.87190202,0.18675684375279475,0.3777998777978897,0.5152216277338343,0.5714285713469388,0.042469242318408554,33.87352325899732,🟢 HIJAU,0
Cimincrang,153.8793612172891,22.09940718588845,74.24659478316237,4.433156400558644,-0.4198863081553173,0.0247797507352319,0.0412383742087692,0.9685213494689148,0.8467970896365106,44892.6545311031,0.7834272162821039,0.7718891042383372,0.2979050442506651,0.4142230262153225,0.8481382357356977,0.2643282726257465,4.0,3.0,6.0,273003715.9804724,0.18186796278649567,0.3928079106370693,0.22717446414344886,0.5714285713469388,0.8877401633949255,45.22038144617756,🟡 KUNING,0
Cinambo,165.2022550914082,22.45122471733142,80.65851209583673,11.424529782625669,-0.0787837365504375,0.0043643909937486,0.0056119458134047,0.8035816341772755,0.972454415970798,12839.915921796204,0.7858429918195939,0.1377135875051867,0.340843697943177,0.6473820265879044,0.6318784579398719,0.0356440887938402,1.0,0.0,0.0,180846481.2562624,0.23952918786397026,0.45046436148015423,0.02962335406154945,0.1428571428367347,0.18321856387947102,20.913852202437592,🟢 HIJAU,0
Cipadung Kidul,174.64878983060348,22.646139056843833,69.00286326529705,13.280564910159187,-0.204780266322487,0.0493401910994684,0.0256098693837744,0.8513085876573976,0.9645481740234406,18575.325383892156,0.7323010795519574,0.8016214494604869,0.3527065663574891,0.2824156284809813,0.5940727164313879,0.1739316456080965,4.0,1.0,6.0,24861176.983114876,0.21823027408567575,0.4663933865140027,0.4648358288950203,0.5714285713469388,0.3092832941780122,40.603427100393,🟡 KUNING,0
Cipadung Kulon,197.80642607794363,25.387638856292455,82.11551067247,36.809610491162594,-0.18604438353349984,0.0326194507747387,0.0329915871426779,0.8466738038246056,0.9904500805886884,14540.62273430777,0.641762354437619,0.8235070356013531,0.0614496935991329,0.5713439431875615,0.3421897878477694,0.1917015774902323,1.0,0.0,5.0,77883511.7563737,0.22139745617239537,0.07530432985288686,0.3030360441070235,0.1428571428367347,0.22060022722069864,19.263904003794778,🟢 HIJAU,0
Cipadung Wetan,206.18528274836856,26.049268106858673,83.69291902471112,3.113040180155362,0.1218387414089438,0.0574866684934746,0.0216168910887222,0.8135262509815517,0.970595674414912,26136.147240911476,0.7780443287998099,0.5744716425499476,0.3090567782564249,0.8438362039206162,0.7291903566567904,0.1765262531451399,2.0,0.0,8.0,110198519.37245418,0.27344314460369445,0.407782050444121,0.5436659682029694,0.2857142856734694,0.4754707258757197,39.72152349599948,🟡 KUNING,0
Cipaganti,106.81993170042747,24.0530744293483,76.82354094798289,18.046134034644908,-0.9072741801449152,0.0428356257803553,0.055137145553139,0.8762905050040852,0.9953253729236754,7296.621514186857,0.3159853462839874,0.7335049304961919,0.233465421092324,0.7507100371673305,0.6716836402103491,0.1161110072861594,1.0,2.0,4.0,68412653.1257016,0.09947813601210981,0.30628074582231085,0.40189380310352896,0.1428571428367347,0.061376536892733584,20.237727293348357,🟢 HIJAU,0
Cipaganti Kulon,155.30544831770564,25.530095372612095,71.38215245158142,1.0918773338344978,-0.4051165252599511,0.0312670013123673,0.0036634659657831,0.8084617606037339,0.9701454263077562,19355.364211629378,0.641762354437619,0.6646759382564924,0.263223141157155,0.4202386844558284,0.5884635501832044,0.1672158414305375,1.0,0.0,4.0,51116018.26933485,0.18436470085524775,0.3462383219588775,0.2899489422384123,0.1428571428367347,0.32642860613716,25.796754280528646,🟢 HIJAU,0
Cipamokolan,152.7255838994561,26.564930521102298,74.39947622816605,6.0843779850326225,-0.4318358170520838,0.0072029236701925,0.055281753285561,0.8896528476398917,0.9913121412076488,20377.466163337955,0.6264396369382405,0.5327102176753017,0.171549651533383,0.6043944616319884,0.8216906290398752,0.2657668509193646,4.0,1.0,6.0,77883511.7563737,0.17984797413962064,0.22314251914313096,0.057090677113212474,0.5714285713469388,0.34889448372293697,27.608084509316793,🟢 HIJAU,0
Cipedes,171.08762613747012,22.008522442576023,74.23169355505341,1.0,-0.241662736255128,0.0212785891577119,0.0122272972903421,0.7746424300315995,0.9727060027543606,26729.712423705347,0.641762354437619,0.7949654332403979,0.7182985797189214,0.6616124335995484,0.7447423592405109,0.4794473516157954,1.0,0.0,5.0,77188409.29042912,0.2119955266013833,0.9572969462284011,0.19329515146056997,0.1428571428367347,0.48851733312809337,39.879242005103656,🟡 KUNING,0
Cirangrang,200.02265155994112,23.606970095865957,79.94949769193529,2.2215424260852266,0.0580132396631529,0.0287231189988423,0.0206736282885332,0.8670374325741622,0.7552587448843773,13610.90976379733,0.7260642218420814,0.9482212187975928,0.5379363637806488,0.4417562333027455,0.5006429580272593,0.3658785119437904,2.0,0.0,3.0,145124830.77602607,0.26265384857308627,0.7151131714024943,0.2653328305794334,0.2857142856734694,0.20016506637350373,34.57958405203974,🟢 HIJAU,0
Ciroyom,104.25423809030286,25.802782502611596,83.5211519336889,3.5216540772144493,-0.933846706876628,0.0287231189988423,0.0498825541896217,0.7123257391292005,0.7678831059037491,7557.875445602824,0.682758507455033,0.4483666187530427,0.2311756205169041,0.5405139564182202,0.5335004680809236,0.2279145235722442,6.0,3.0,6.0,77883511.7563737,0.09498621899856896,0.30320608551128697,0.2653328305794334,0.8571428570204082,0.06711891790686116,31.755738200331173,🟢 HIJAU,0
Cisaranten Bina Harapan,206.54692702301284,28.030908480562193,87.90253049578769,7.545597259434852,0.1255842401377999,0.0304385734701871,0.0216168910887222,0.7309548147602913,0.9498124917704307,16541.068666676645,0.5489385043743192,0.4865377001147692,0.1444000366475845,0.7750788592465498,0.7579972914293743,0.0479152788851833,3.0,0.0,6.0,21560964.256611157,0.27407629739470346,0.18668701107617192,0.28193258387305337,0.4285714285102041,0.2645701789054973,28.716749995192604,🟢 HIJAU,0
Cisaranten Endah,87.20333066926449,23.550109377678087,88.8309789933233,4.433156400558644,-1.1104405493594374,0.059921056519878,0.0298765608219432,0.9693998944814004,0.9263552176378363,16290.60818187353,0.8741002508649224,0.5759724853917582,0.3257121702747576,0.4633984502622723,0.5818058397447322,0.2834494565190041,2.0,1.0,8.0,55928690.01874375,0.06513415059935287,0.4301463005683575,0.5672225483012799,0.2857142856734694,0.259065038657741,32.14564647600401,🟢 HIJAU,0
Cisaranten Kidul,210.77130248207888,27.76482260786327,78.92539707434287,4.246062508043022,-0.18604438353349984,0.0264408041767282,0.0345538894399272,0.9210105392797242,0.9498124917704307,26975.17772521168,0.8256444898335306,0.5897729969126885,0.2929788735913856,0.7653476488009362,0.805716157219835,0.377377838135533,4.0,1.0,7.0,19168041.07579094,0.22139745617239537,0.38619322917790355,0.24324780085797063,0.5714285713469388,0.49391267887220314,38.32359472854823,🟢 HIJAU,0
Cisaranten Kulon,148.99994300579175,23.830997528318104,64.29492376727298,5.667879701157588,-0.4704217541448798,0.0814813753100045,0.0137481310813705,0.7559404263269717,0.9438450954501576,23862.328418059093,0.5152464231605457,0.6646759382564924,0.1289923387541887,0.482740431197328,0.6666689302620546,0.0113039251940825,2.0,2.0,5.0,77883511.7563737,0.17332526634218354,0.16599811890555877,0.775852960140384,0.2857142856734694,0.42549201754721633,36.52765297217624,🟢 HIJAU,0
Cisaranten Wetan,210.20014295484836,23.193341534852575,77.08368123797905,1.0,0.1634200821192211,0.0341491851369768,0.0216168910887222,0.8238157544906908,0.9686513516982302,35609.54183907402,0.8355660596861818,0.5940641024024005,0.1118397306988661,0.5716682622220093,0.498412195761234,0.4615652699269443,3.0,0.0,6.0,48959421.419938825,0.2804722063737001,0.1429662253055767,0.31783865964832614,0.4285714285102041,0.683696649922054,37.07090339519722,🟢 HIJAU,0
Ciseureuh,143.7809777127942,26.074169207484903,78.48430149673807,5.600041477714643,-0.524473841351552,0.0100358760092509,0.0573738763441572,0.8278075810030788,0.9750230563749288,20966.4434706241,0.5766694717918928,0.4472862223188508,0.1880666282232222,0.8969182605881313,0.8650446125204999,0.3689321710949114,2.0,1.0,4.0,692467040.8367249,0.16418810401688308,0.245320910236007,0.08450400151586333,0.2857142856734694,0.3618402491274274,22.831351011393004,🟢 HIJAU,0
Cisurupan,165.2022550914082,27.033822298373245,76.86096411982965,4.433156400558644,0.2841310390550752,0.0451155852786515,0.0075447690067049,0.7837016581791548,0.9923139276543986,18700.187682375123,0.6758423348143395,0.6348217906207781,0.5279243840181365,0.6516093149223119,0.8237785030642647,0.1056365831856172,5.0,0.0,7.0,819088469.7614247,0.3008776276065198,0.7016694518310089,0.4239560413169937,0.7142857141836735,0.3120277768669533,49.05633223610299,🟡 KUNING,0
Citarum,169.16386311891034,23.13995055684302,82.88296212346772,4.433156400558644,-0.2615868784186487,0.0287231189988423,0.0310631793089035,0.8785833123222972,0.9444596122816692,11274.42395154144,0.502729406803123,0.901934300757014,0.221639946344195,0.5236831549116618,0.6300689617875413,0.1727274424334047,2.0,0.0,7.0,278885930.6298311,0.20862747680814647,0.29040193163325434,0.2653328305794334,0.2857142856734694,0.1488089329160737,23.977709152207545,🟢 HIJAU,0
Ciumbuleuit,136.5718889821497,24.63960416998004,63.93008410861509,14.752617130571824,-0.599137356219578,0.0122673433960751,0.0439094455936237,0.7913575564551345,0.9573193460345992,16715.571040736057,0.6531278012487683,0.4026210730809911,0.1421470871431961,0.4328147707949836,0.6666689302620546,0.3794539287198419,1.0,1.0,5.0,8189666.368554723,0.15156671064648192,0.18366183303305186,0.10609700134348465,0.1428571428367347,0.2684057541800507,17.051768840796075,🟢 HIJAU,0
Ciwaruga,213.15977133674355,25.62156905273647,84.86127698561616,12.45367225902233,0.194072535702728,0.0365218615046705,0.026263977043216,0.969974797031468,0.9438516138628236,5691.881185554021,0.4917242687258191,0.5902024644509867,0.5303993887030928,0.7358974653547011,0.8255476106946372,0.1459172213255309,3.0,0.0,4.0,157658577.0553803,0.2856538091301366,0.7049927974341682,0.3407980811935927,0.4285714285102041,0.02610422406742367,35.7224068067105,🟢 HIJAU,0
Coblong,119.15095735550037,25.527571901824416,80.58174848270471,4.520277195063857,-0.7795634871939585,0.0228149948437152,0.0282007611253001,0.9745693612894176,0.9453064506767987,5347.808708213353,0.584401602165826,0.8143825370855717,0.1835147816056611,0.3700610900100836,0.6154855549551547,0.0591673317552481,1.0,3.0,5.0,22102083.486258496,0.12106681819764165,0.23920885738427908,0.20816232268113655,0.1428571428367347,0.018541485200083755,14.596732525997517,🟢 HIJAU,0
Dago,129.2229232113348,26.607604104069807,78.48430149673807,1.0,-0.6752495578576894,0.062521852142989,0.0203984564730988,0.8239468773056587,0.936188764492726,8180.916475213394,0.641762354437619,0.6393402819761435,0.27056198598710757,0.7500648920279529,0.6666689302620546,0.2990961000926467,5.0,1.0,5.0,72817454.94784507,0.13870042597102952,0.3560926538905044,0.5923893868457764,0.7142857141836735,0.08081340648380732,37.64563174749582,🟢 HIJAU,0
Derwati,121.37214029033278,21.461260068091978,82.98279945878,1.0,-0.7565590089199562,0.0424586585627161,0.0090968872643162,0.8238157544906908,0.9098451156611194,14698.421222943036,0.6180332482502076,0.6481497802784084,0.0517718433947907,0.4011103793667168,0.5597333748140529,0.1252105651441308,2.0,1.0,11.0,101961954.333743,0.12495557926240328,0.06230926720911551,0.39824604507956485,0.2857142856734694,0.22406864984035452,21.90587654129815,🟢 HIJAU,0
Dunguscariang,165.2022550914082,26.40800352698641,81.21369377679153,4.433156400558644,-0.3026166938244931,0.0231228299163099,0.0227362898963808,0.8236846316757229,0.9969469832880472,21072.5785979415,0.5579092652448593,0.5842033000749961,0.2746747326009883,0.501041323977194,0.884510804282151,0.3771647263491655,1.0,2.0,6.0,82686790.38322802,0.20169164689085073,0.3616150993465581,0.21114111713214273,0.1428571428367347,0.3641731071890696,25.62956226790711,🟢 HIJAU,0
Garuda,272.12537870094826,26.017938440986537,79.79273985448333,4.433156400558644,0.8047710118395146,0.0683092831544257,0.0243891153963411,0.8575651166504412,0.9202388412836062,10137.069663097214,0.8137117920381035,0.637795982011449,0.4877031402753353,0.7569159425537633,0.6240902155122593,0.2862111728262796,1.0,2.0,3.0,335162554.74078774,0.38888851100093963,0.6476618394985112,0.6483919964156953,0.1428571428367347,0.12380980032158696,39.03218580146936,🟡 KUNING,0
Gegerkalong,126.4792035454805,22.732285127597734,66.74028980498755,3.1739938418558613,-0.7036658753312701,0.0268005185969935,0.0216168910887222,0.8052328965429716,0.8420343670460289,19111.961370852016,0.5417606081488174,0.4318026303764891,0.3009635475833738,0.2310606750712482,0.8488270312549241,0.1011803534955547,1.0,2.0,3.0,67787752.9691491,0.13389682783335521,0.3969147568441846,0.24672861059807435,0.1428571428367347,0.3210785934346173,24.829518630939322,🟢 HIJAU,0
Gempolsari,139.08981813958812,26.204866669592448,70.81268262921314,6.781820491668692,-0.5730595191853495,0.0458397942601452,0.039038738059739,0.7669239169418167,0.8656525286544101,6497.793847139059,0.5368677972877516,0.4789257486631904,0.1316670998839262,0.5948127662083322,0.6999729823313351,0.2657668509193646,1.0,2.0,3.0,496903219.31262606,0.15597500350598623,0.16958969014340122,0.43096391627178343,0.1428571428367347,0.0438182448358327,18.864079951874764,🟢 HIJAU,0
Hegarmanah,149.52429078385606,26.666102486350553,76.72049176029259,5.520291374791081,-0.4649911581865996,0.0169470351411033,0.0111098414884424,0.9247217943622492,0.9897361400296842,25926.9030888727,0.641762354437619,0.6646759382564924,0.0053680844501438,0.3861957700660608,0.8366173634148736,0.3752593412346346,5.0,1.0,6.0,364069925.5588356,0.17424327412612353,0.0,0.15138046980928463,0.7142857141836735,0.4708715237145412,30.215619636672457,🟢 HIJAU,0
Husein Sastranegara,165.2022550914082,24.761481154572184,78.78140878839065,1.0,-0.2025759763531453,0.0274916433132649,0.012228572382103,0.8847464474233963,0.9930280632007904,10942.58797722614,0.8772836602271975,0.6303095151545899,0.0675474542941408,0.6154911838544103,0.7245851699783592,0.3347353664716885,2.0,0.0,6.0,39784976.66139014,0.21860289531646918,0.0834921794832522,0.25341634261129103,0.2857142856734694,0.14151515330332318,19.654817127756104,🟢 HIJAU,0
Isola,143.98089461947848,24.807450211891055,72.2524462299805,1.02050482627825,-0.18604438353349984,0.0057082289368898,0.010275149363205,0.7794034361997468,0.9694009257950158,23294.28440200346,0.7194765298961313,0.2832030313236455,0.2199846305514842,0.3830343376490487,0.5350439213308535,0.1686860345657134,2.0,1.0,6.0,65220041.1138823,0.22139745617239537,0.28817923423999964,0.042627125770665165,0.2857142856734694,0.41300636745457514,25.018489386222097,🟢 HIJAU,0
Jamika,120.99548109214092,25.767838044636022,80.73404780621728,1.4991962622919002,-0.7604600150935704,0.0805900266816653,0.0426119070582922,0.851654650012328,0.9739484147707642,27691.429338523736,0.8043094035888514,0.7606459215551614,0.1930659500417276,0.6895198535300049,0.756462791337916,0.2657668509193646,4.0,0.0,8.0,141064286.2790327,0.12429613892471522,0.25203381639141553,0.7672277429887809,0.5714285713469388,0.5096559430723989,44.49284425448498,🟡 KUNING,0
Jati Sari,348.4767024875751,23.321270486111576,77.28703968389769,3.784956526541897,1.59553090004894,0.0380157438866103,0.003525582900795,0.980804528363988,0.8491570039408884,18458.47503079088,0.8171763319329016,0.5771965222311892,0.0718774848884441,0.7899085909778053,0.5003080743177462,0.0887968696508582,1.0,0.0,7.0,12694039.242087344,0.5225614519047662,0.08930638590661379,0.35525377174330797,0.1428571428367347,0.3067149146496885,28.333873340822223,🟢 HIJAU,0
Jatihandap,165.2022550914082,26.12572423767792,69.52629182488839,18.38671879640467,-1.0434722537976642,0.0443594418126095,0.055736383761439,0.5952218579153121,0.950950844093928,12217.16098419623,0.710744783208603,0.7328758738508434,0.3702785956345083,0.5527025689814907,0.6008657788992451,0.5086353854842558,1.0,0.0,3.0,31506869.132543523,0.0764547159802414,0.48998846356227055,0.4166391493792904,0.1428571428367347,0.16953036362638293,25.909396707698402,🟢 HIJAU,0
Jatisari,161.20976953830154,21.97823209132991,73.20499981636982,6.963624546339549,-0.343966303406578,0.0259909291329387,0.0461732267820813,0.7052766454968009,0.9618671485747368,9943.893179061528,0.7222003184749314,0.6646759382564924,0.1386391024045477,0.6112982710576819,0.513230052186209,0.5703652747434688,4.0,2.0,4.0,4501265.67956685,0.19470175779748986,0.17895143966369836,0.2388945435348498,0.5714285713469388,0.11956376670865643,26.070801581032665,🟢 HIJAU,0
Jatisari Kulon,81.14668012068616,26.19920419404205,67.56424399596118,4.969288479196821,-1.173168424570898,0.00686286299888,0.0378621885390075,0.96799346113078,0.9649058825664308,14627.612115953158,0.6193471735278689,0.6604335972255346,0.3477245645641516,0.6076626506857006,0.6666689302620546,0.5295886065409909,1.0,1.0,5.0,644406110.6270993,0.05453040136878558,0.4597037370537585,0.0538000486862015,0.1428571428367347,0.22251226035598506,18.668071806029303,🟢 HIJAU,0
Kacapiring,191.6098541107548,24.526003783755815,84.33330155170349,5.301300517348915,-0.0291169165740637,0.0166988022265892,0.0167235099855008,0.8166866264614194,0.7969370924889282,16096.461678920225,0.4667429732034171,0.8630352985614103,0.0155314978309614,0.329139025537068,0.7492456375026881,0.2657668509193646,2.0,0.0,5.0,19239544.657053847,0.24792504859309278,0.013647059085395881,0.1489784211340668,0.2857142856734694,0.2547976839562217,19.02124996884493,🟢 HIJAU,0
Karang Anyar Kota,205.45898449279497,23.37963791960606,70.11419162931566,18.95596486967701,0.1143165728478704,0.0654821439349009,0.0170552128706712,0.936754958457324,0.9535396144084802,16303.99638927762,0.6087264476356968,0.8491999380978266,0.243556441638126,0.3042751668717844,0.6806570074718019,0.0434710473440837,1.0,2.0,3.0,196181426.5477891,0.27217156974446655,0.3198305984614274,0.6210349231999666,0.1428571428367347,0.2593593124609858,32.30507093407162,🟢 HIJAU,0
Karang Pamulang,97.66318239352462,25.11459904175322,73.88906466130645,2.113940247976522,-0.18604438353349984,0.0261682907748339,0.0267156416867983,0.7239079217896492,0.9356064989981276,8229.979140656193,0.4158898109732938,0.8993143073039539,0.2353892896590095,0.5125569334651204,0.2553324770671172,0.1823250807559856,3.0,1.0,1.0,292449935.73254395,0.22139745617239537,0.30886404604029144,0.24061079980885258,0.4285714285102041,0.08189180755135965,25.626710761662064,🟢 HIJAU,0
Karanganyar,142.65268233277416,26.771131280361196,77.12991881234514,8.305796892974893,-0.5361594374135829,0.0086232278407414,0.0136741062789619,0.8244063177345162,0.9637402774057106,20487.640693385707,0.5726234884446039,0.8347582093412496,0.6236265478175447,0.3964403476566751,0.6533608892401669,0.0876877204708215,2.0,1.0,4.0,1688375.8513397707,0.16221272815991733,0.8301748107132718,0.0708343813192056,0.2857142856734694,0.35131612815966434,34.00504668051057,🟢 HIJAU,0
Karasak,391.1215116670913,25.872520380749027,78.48430149673807,2.6848467857235723,2.0371971720542064,0.0138387486453789,0.0094522248464861,0.5448391515105769,0.861618617208472,26870.898104222862,0.8927589512839864,0.6543685131858197,0.1374243088751497,0.3944461190228397,0.7453099642177653,0.2500763987495676,3.0,2.0,4.0,51213775.98527188,0.5972223323531399,0.17732025942423857,0.12130284906399778,0.4285714285102041,0.4916206049788798,36.3207494866092,🟢 HIJAU,0
Kebon Gedang,294.2184431226243,25.509974557960913,92.65167012683484,1.6566238571685667,1.0335857629905374,0.0280977672179434,0.0314613840833197,0.8827414691996787,0.9498124917704307,19493.76455565893,0.6645789972497279,0.7801190865885732,0.1697468754555758,0.6280852016639238,0.5357284816647916,0.3811929030233282,2.0,1.0,4.0,5004200.769143904,0.4275681926142715,0.22072181748220984,0.25928155643718825,0.2857142856734694,0.3294706560829602,30.45513016580198,🟢 HIJAU,0
Kebon Jayanti,101.95211184153432,27.407068154314633,82.99295853641723,7.704014672468416,-0.9576895036329434,0.0859094681870811,0.0127359893397784,0.4653407252245937,0.931451849484386,40895.488654198016,0.5870999214163819,0.710113593423355,0.2799801593212404,0.8727188087811686,0.6381658935341339,0.1860012623410261,3.0,1.0,5.0,2569416073.157037,0.09095574551437927,0.36873903194789975,0.8187018089723114,0.4285714285102041,0.7998821575174471,50.13700344924483,🟡 KUNING,0
Kebon Jeruk,99.67318540246728,23.869461510719308,74.79023622491331,34.4495661773585,-0.9812920232333934,0.0287231189988423,0.0063268678792249,0.8238157544906908,0.9871723631723855,31597.743468438293,0.4485624836999024,0.548699229705013,0.7501009462025127,0.7031094899121834,0.77901724847854,0.17462772916587,3.0,1.0,1.0,129963824.44553,0.08696588935857893,0.9999999986572367,0.2653328305794334,0.4285714285102041,0.5955170207345155,47.52774335679937,🟡 KUNING,0
Kebon Pisang,161.24606004137135,28.231549022289514,73.26742888931336,1.0,-0.3435904477864352,0.0194994292084685,0.0180680253459234,0.8438601172524413,0.7532678186280366,47385.96416885044,0.4754067587895244,0.4461657505008098,0.0804879911101637,0.6384160614219225,0.7101634290002629,0.3249209328402846,7.0,0.0,9.0,353115660.4371988,0.19476529380487828,0.10086825815956778,0.17607894623876807,0.9999999998571428,0.9425432963029825,48.28511588726679,🟡 KUNING,0
Kebonlega,131.29413645526452,29.129317133347016,81.9839863299636,1.4013189996343522,-0.6537982945134562,0.0144409254064442,0.0182413299013918,0.7995094620514224,0.9498805317688434,13907.025659326082,0.449946759399692,0.660554351927894,0.27056198598710757,0.3791194445531596,0.7202579939523802,0.0972353405599044,3.0,1.0,14.0,33820919.63450194,0.14232662590868578,0.3560926538905044,0.12712986799094075,0.4285714285102041,0.20667371597448644,25.215885845496427,🟢 HIJAU,0
Kebonlega Kidul,154.31087583735146,25.061983735470065,77.55561840882704,16.77762133835466,-0.4154171721168271,0.0478145114865891,0.0519727319929879,0.8238157544906908,0.9856484920914642,50000.0,0.5889999957352697,0.6357079235831861,0.2599691586004318,0.7448336362150368,0.3630346125406402,0.0610755453639273,1.0,3.0,7.0,13271873.920721626,0.1826234418724632,0.34186899341240085,0.4500724495095866,0.1428571428367347,0.9999999999999781,42.348440552623266,🟡 KUNING,0
Kebonsari,67.10211359752833,23.039266736565725,73.20485883644783,4.058063949939443,-1.3186260185327114,0.0306373325967071,0.0348558802765155,0.4899159269436942,0.9518088988539878,8211.129166687791,0.5061416426249091,0.4603671884840292,0.2269257426138339,0.8122387175900164,0.3505250818874658,0.345510219642666,2.0,1.0,3.0,74699908.07119022,0.02994171819000403,0.29749950518480106,0.28385589487908713,0.2857142856734694,0.0814774837092407,19.569777752732044,🟢 HIJAU,0
Kebonwaru,138.07660471009285,26.154366498072047,87.26488698800054,3.702280880194958,-0.5835532277224672,0.0299631971209117,0.0216168910887222,0.7294315218040169,0.9999983014331656,21385.67436218185,0.6488304940507358,0.540598945502741,0.1966801624272618,0.44213362685249,0.9116529469241966,0.1742763673416259,3.0,3.0,2.0,77883511.7563737,0.15420110867133496,0.25688684835267056,0.27733256081711805,0.4285714285102041,0.3710549755783147,29.760938438592845,🟢 HIJAU,0
Kopo,216.70918333675928,24.591143679807622,73.79395982655392,16.049952495745238,0.2308332950077715,0.0191691274831367,0.0171055606816362,0.8477383142730673,0.7337975153767645,16146.121744630467,0.3323219563605393,0.6646759382564924,0.0932182061227306,0.5323686882625075,0.418167758649024,0.1727232003319341,3.0,0.0,2.0,295764624.2823873,0.2918679822052148,0.11796192442470187,0.1728827511519543,0.4285714285102041,0.25588921592647473,25.343466044371,🟢 HIJAU,0
Kujangsari,88.91011422810493,25.05338159866004,68.28649109769815,1.879192249452266,-1.0927636328470514,0.0323091473411205,0.042790109624031,0.6822578032594154,0.986255607991324,31730.386219681754,0.8051934485991968,0.6646759382564924,0.3596941655229386,0.2881716349453542,0.7350583857786437,0.3561568061168145,3.0,1.0,4.0,103174928.8481046,0.06812232115726091,0.47577607863749094,0.30003336433308164,0.4285714285102041,0.5984325183588913,37.41871421993858,🟢 HIJAU,0
Lebak Gede,303.53586087059904,22.624349920169756,77.85189491206089,7.071384462970989,1.1300849440313183,0.0481751174634744,0.007451516406112,0.8994576428965532,0.9690811468769264,7273.6281123956915,0.8242442514954577,0.5151271415133307,0.2106468755553669,0.6932301140723528,0.6079972439105384,0.2657668509193646,3.0,1.0,4.0,43840278.05494758,0.4438807667810528,0.27564083898024566,0.4535618864794924,0.4285714285102041,0.06087114019619329,33.25052121894376,🟢 HIJAU,0
Lebak Siliwangi,273.49202326716875,25.928000988184184,71.39602242565991,5.734232897667207,0.8189251567948351,0.0443908387290405,0.0086618869282078,0.7378198817971674,0.8447429789666866,8477.312903536933,0.3910327421544305,0.5321165833426259,0.3430824449809528,0.3675988552605779,0.6827207642788689,0.3092222349249947,5.0,1.0,10.0,16941597.90567898,0.3912811793827932,0.4534704689715061,0.41694296453477303,0.7142857141836735,0.0873282222166675,41.26617098578828,🟡 KUNING,0
Ledeng,75.07442255904733,25.21557472069657,89.80284973559641,9.093063663144251,-1.2360579394146654,0.0096062957892276,0.0178737552072617,0.7308043444648539,0.903775854332488,12942.907028340704,0.4740022512105624,0.6646759382564924,0.1301842498556632,0.658366817640385,0.4917450429277723,0.2657668509193646,2.0,0.0,4.0,216178939.96230885,0.043899327984149236,0.1675985734592486,0.08034712892535059,0.2857142856734694,0.18548231612863228,15.260832643417006,🟢 HIJAU,0
Lingkar Selatan,136.84600402367496,26.14412031998898,75.51786594725235,1.0,-0.5962983854088189,0.0547161567999839,0.0395078472334783,0.8937630397619633,0.9614835778628608,33379.98642105787,0.3310666882223534,0.7021694063749233,0.27056198598710757,0.4985039973711558,0.8282447472669777,0.1593374842092903,4.0,1.0,6.0,501160589.99511456,0.1520466206458037,0.3560926538905044,0.5168568564618796,0.5714285713469388,0.6346908545528871,44.62231113796027,🟡 KUNING,0
Maleber,357.13719736071585,22.954349570924855,78.10073920625436,2.1663562300543995,1.685226423558941,0.0607876547637762,0.0216168910887222,0.5973531324036031,0.949744451772018,12838.033732843094,0.641762354437619,0.8395055070478954,0.3857989395930342,0.7399168421133768,0.6012396364900443,0.3376205535083108,3.0,1.0,4.0,125741588.32382014,0.5377239109422871,0.5108286127416234,0.5756082660767667,0.4285714285102041,0.18317719322506304,44.71818822991889,🟡 KUNING,0
Maleer,212.11395764183115,24.00922376799426,76.95885556505853,20.293548371031424,0.1832411908161884,0.0287231189988423,0.0120165087046566,0.6049458070184485,0.9770653631081962,18348.420639524156,0.641762354437619,0.6980973242985434,0.1509465954397953,0.3023975730332748,0.8816167552527262,0.2695623310421788,2.0,1.0,5.0,77883511.7563737,0.2838228390132711,0.19547749034684106,0.2653328305794334,0.2857142856734694,0.30429591087238195,26.69286712970794,🟢 HIJAU,0
Mandalajati,267.9797548059674,26.299199750866503,78.48430149673807,5.588822525564768,0.7618353700566071,0.0490612278990665,0.0216168910887222,0.8241954704813715,0.7573593691612793,26049.22771353351,0.8315783089847737,0.7175406864001143,0.2061700110820898,0.4246191861239525,0.7490495594926143,0.4810860100781325,3.0,1.0,6.0,837967073.7916071,0.38163051322906166,0.26962946940440663,0.4621364157762099,0.4285714285102041,0.4735602281424723,40.31056110124709,🟡 KUNING,0
Manjahlega,181.73629873066935,24.761481154572184,65.24457872964507,2.7245069474923342,-0.1313759366063196,0.0176154723553114,0.0462735283733019,0.5344734679608288,0.9154310462077992,38609.86411996456,0.5229581997183194,0.4445962413786397,0.0072747047413065,0.4421466723306809,0.885667604834311,0.5457999639682499,3.0,1.0,5.0,56673457.2596184,0.23063881019700105,0.0025601398656106703,0.1578486641178346,0.4285714285102041,0.7496439587670177,31.38526002915336,🟢 HIJAU,0
Margacinta,206.42587665182847,24.761481154572184,80.93278596877478,4.433156400558644,0.1243305385221872,0.0141990393120559,0.0402466216519412,0.9653684706169834,0.9927106407200224,4705.844949501765,0.8487605250921367,0.4538395201258642,0.2707572855994038,0.8633053133885544,0.7798878561436594,0.1509765895899021,3.0,3.0,7.0,103768517.34614947,0.27386436709263123,0.35635489505383167,0.12478923490561303,0.4285714285102041,0.0044310736177449695,23.760219983600493,🟢 HIJAU,0
Margahayu Utara,68.04470652580258,22.80641256386319,73.4902035775682,4.745145968668407,-1.308863716563041,0.0287231189988423,0.0181272629312971,0.6616589667678731,0.8318312305127403,12160.578817742864,0.641762354437619,0.8061870945682565,0.3524481238715655,0.7617109797365096,0.5237044636829049,0.095042201228158,3.0,2.0,6.0,1450947636.440376,0.031591973385967455,0.46604635941361605,0.2653328305794334,0.4285714285102041,0.16828668336243816,27.196585505033184,🟢 HIJAU,0
Margasari,272.2603040058241,23.25460096035881,81.07252359151445,3.986501997579559,0.8061684141857842,0.0265718683839105,0.0037874127201962,0.8724065075832788,0.922296476790504,6891.819073365069,0.5495248165482692,0.7844222764718899,0.2884957018176471,0.8334845442188343,0.4945780669988247,0.4650943981648647,4.0,0.0,7.0,77883511.7563737,0.3891247329995981,0.3801733903901137,0.2445160557380576,0.5714285713469388,0.05247894887157407,32.75443398692565,🟢 HIJAU,0
Margasuka,93.30810510820643,21.47030555062827,71.42223683546855,6.0848543924423195,-1.0472142618051796,0.0164153248884198,0.0236538355449589,0.9046232570043106,0.9528944166809236,5863.929610455161,0.6742518626492837,0.6687975245850907,0.6577252418827445,0.7505215947733734,0.878169791749164,0.2657668509193646,2.0,0.0,4.0,3728889.975581222,0.07582215327352279,0.8759612876778824,0.1462353265451121,0.2857142856734694,0.029885861355361084,28.272378290506957,🟢 HIJAU,0
Mekarjaya,89.32796787826334,26.335723894109552,78.04194959774547,1.3413180221654384,-1.0884359815464588,0.0357456244487128,0.0093163323915072,0.881643788258716,0.7558874439842538,16541.068666676645,0.8665467582095184,0.5794648903080359,0.0468492653975621,0.4625495144459717,0.7354356961270561,0.3965694792557498,5.0,1.0,5.0,35887676.43722807,0.0688538831461554,0.05569940984491135,0.33328675178118194,0.7142857141836735,0.2645701789054973,28.733918757228388,🟢 HIJAU,0
Mekarwangi,122.5321388864836,25.67663441296915,64.37294048515876,3.555691213424545,-0.7445450671213991,0.0328649947902837,0.0216168910887222,0.7164044203455467,0.9513620191777186,16541.068666676645,0.7724488342303221,0.7238042315029846,0.0359301954657492,0.8227700729391229,0.771250371927454,0.399331132113665,3.0,2.0,9.0,35955177.58865482,0.1269864598824319,0.04103768283120281,0.3054120734035496,0.4285714285102041,0.2645701789054973,23.331556470657713,🟢 HIJAU,0
Mengger,161.92153236269465,24.345796581171793,94.73909820548369,4.433156400558644,-0.3365946762554676,0.0568209583499228,0.0302727684723845,0.6799604982164176,0.9895579936324338,15226.5888698345,0.6159958458978361,0.8252882494115141,0.2715065310069767,0.8217267190699906,0.6666689302620546,0.1049887134140865,0.0,5.0,5.0,14332013.845324432,0.19594788458670612,0.3573609543336704,0.5372241626449604,0.0,0.23567781434688578,26.524216318244452,🟢 HIJAU,0
Merdeka,250.59654840681793,24.964507394322005,77.83278724828682,1.480378752524647,0.5817999539408693,0.0956169278636929,0.0658599113760286,0.80519771966921,0.9860748823026751,28959.05219984027,0.777536709650859,0.8025632129891291,0.1738466427539339,0.8637786243202628,0.4450084654164076,0.2657668509193646,1.0,1.0,2.0,77883511.7563737,0.35119666864758087,0.226226834788961,0.9126369372029052,0.1428571428367347,0.5375183886725314,43.40871944297426,🟡 KUNING,0
Neglasari,213.92633262804583,32.20546298130944,82.15477211392938,2.670097442093631,0.2020117028442158,0.0422799194293003,0.0312486445130478,0.7031744911719773,0.9082762705535548,25001.93227206312,0.8541832817963508,0.5309801083578637,0.4200664284346133,0.4614184203432863,0.6579353961351839,0.1276266792874281,0.0,1.0,5.0,49914646.62502274,0.28699587495309176,0.556841741147068,0.39651645938190905,0.0,0.45054059576149,33.81789342487117,🟢 HIJAU,0
Nyengseret,295.23526989727145,25.641781021386333,90.26191130402064,3.608918603796987,1.0441168944335937,0.0349445614298482,0.0244259696856257,0.7392772939136882,0.9956856645277752,18440.545084588382,0.5039592429543992,0.8518908130817934,0.2775424411487115,0.4618200739193631,0.7797432979766736,0.2705274879613276,3.0,1.0,3.0,77883511.7563737,0.4293484135536842,0.36546575330739556,0.3255351916506642,0.4285714285102041,0.3063208130868928,37.10483200217681,🟢 HIJAU,0
Padasuka,190.53305232663868,23.72937280627648,68.5339318986738,1.2044659713135408,-0.0402692007284416,0.0363071103990767,0.0277840165533008,0.6349003847815057,0.9445206978920924,10523.61997991379,0.7951206705333466,0.7989965230376918,0.3203225821877145,0.6210209941149395,0.6710914528383296,0.1012456957850677,3.0,2.0,6.0,63236652.56932127,0.2460398257296943,0.42290935916748473,0.3387200223281804,0.4285714285102041,0.13230620528767448,31.370936820464756,🟢 HIJAU,0
Pajajaran,187.5942690634131,27.672033632290702,83.7403380463677,1.429721591724144,-0.0707057643588819,0.064100583039573,0.0250483608436138,0.8328355163501542,0.9361550438783056,17751.332846699206,0.4508873804189597,0.4444227801707721,0.5111639862554722,0.5473355755956164,0.9149119934904892,0.1731126893462402,4.0,0.0,10.0,45101082.19574553,0.24089471779977625,0.6791642038408484,0.607666121867351,0.5714285713469388,0.29117187638722747,47.806509824842834,🟡 KUNING,0
Pakemitan,621.1801001569385,24.761481154572184,72.01210770754757,7.243572753353118,4.419881514558217,0.001303049401362,0.0219378950891861,0.7167874337732165,0.9924653426824476,9028.53145114027,0.8299901979095751,0.6775199767163799,0.4123610876195105,0.795842779520613,0.8352637373051688,0.2984989197790841,3.0,1.0,6.0,1920571668.4224453,0.9999999998309563,0.5464952918355316,0.0,0.4285714285102041,0.09944404725033025,41.490215348540445,🟡 KUNING,0
Palasari,165.2022550914082,23.08466106876244,78.9623650536952,1.0,2.8074323770352194,0.0590929028470405,0.0321661444284634,0.9289420392319206,0.9021762726860848,5527.643928380496,0.5692833736899648,0.603714318619915,0.6678969467219104,0.412723627177861,0.5798218741932682,0.2657668509193646,2.0,0.0,7.0,529400155.10304135,0.7274257058077703,0.8896194802297371,0.559208842960834,0.2857142856734694,0.022494276832202856,49.68925183008028,🟡 KUNING,0
Pamoyanan,106.5749126602965,22.0243690023463,90.01885641676823,1.4355572524796056,-0.9098118077743276,0.042309705295935,0.0074013588155011,0.9587064384625974,0.9807969948051508,18285.202449312063,0.9015339945813108,0.6646759382564924,0.4087543521031224,0.1931627811668564,0.5962504820575795,0.0626644426237642,3.0,0.0,5.0,77883511.7563737,0.09904916616525725,0.5416522995402024,0.3968046850655584,0.4285714285102041,0.30290637030832657,35.379678991790975,🟢 HIJAU,0
Pasir Biru,69.45050859463853,24.3809492878764,65.72708663411503,2.351110674347211,-1.2943040228777822,0.0719813757928894,0.008050473150747,0.6431809653232161,0.7956480823508688,20233.31724218971,0.8277392489760442,0.6527689324604682,0.4035932605761924,0.5250695658800263,0.3692156203698579,0.1500285095694944,2.0,1.0,2.0,328456864.59994817,0.034053197206986525,0.5347221749478006,0.6839253392633373,0.2857142856734694,0.3457260796207583,37.68282153424704,🟢 HIJAU,0
Pasir Impun,210.29101068897,22.842009978155858,85.6411385640099,6.274259057422108,0.1643611864211801,0.0846427871280833,0.02525785258939,0.8748841060734115,0.9471868775949288,15627.071010278194,0.7941180817551929,0.709851283661794,0.3320007548931362,0.4101683186576438,0.9161225893477268,0.1781144000076335,3.0,1.0,4.0,369245508.9521941,0.28063129408365584,0.4385903815709567,0.8064446529636291,0.4285714285102041,0.2444804418415872,43.97436397940066,🟡 KUNING,0
Pasir Jati,320.99046134665105,24.761481154572184,94.4859833990559,14.204856569134384,1.310859778528695,0.0197936029456691,0.0216168910887222,0.938827812615089,0.989137463393727,13370.790464568796,0.5395520150180745,0.8262617059847903,0.3399068359357703,0.4624121292001012,0.9063599986577764,0.3059892290422423,2.0,0.0,2.0,776784300.9656397,0.4744396053475673,0.44920637750460596,0.17892554551876177,0.2857142856734694,0.19488722616056495,31.663460804099387,🟢 HIJAU,0
Pasir Kaliki,140.92983930303572,24.761481154572184,61.6861425779192,12.688400888254945,-0.5540026796002623,0.0313771045866866,0.014005141357793,0.8243088636455979,0.9579165810602718,39813.81773654054,0.5436637576037315,0.7132794058682357,0.5834896095027,0.552490885434935,0.3248776695741006,0.2440806980937246,5.0,2.0,2.0,17235817.114808187,0.15919644130228025,0.7762804006203596,0.2910143667198252,0.7142857141836735,0.7761069495907172,54.33767744833712,🟡 KUNING,0
Pasir Wangi,101.05460165304076,23.619911026606033,78.48430149673807,21.220448385766247,-0.9669848900273348,0.0293492761230619,0.0319859701205085,0.941989288740042,0.9834500970418002,16541.068666676645,0.6094147714871561,0.7586742908419575,0.27056198598710757,0.6912034572720748,0.6519610813939607,0.3957960307180189,2.0,0.0,7.0,160922801.6712004,0.08938441943334942,0.3560926538905044,0.2713918977005443,0.2857142856734694,0.2645701789054973,25.343068712067296,🟢 HIJAU,0
Pasirbiru,178.88498586805616,18.017465319861856,88.22141457518808,9.153130808162812,-0.1609065816386332,0.017474753833336,0.0198152747311393,0.7359255761894054,0.7573361430673485,34836.59431276424,0.4192039089993765,0.6463353590638355,0.2144326153952465,0.5940318308276978,0.8293320203168202,0.2219057172530232,4.0,0.0,4.0,1344947846.3928237,0.225646842057096,0.28072419172217833,0.15648698837088035,0.5714285713469388,0.6667072053003341,38.01987597594856,🟢 HIJAU,0
Pasirendah,180.05302442178495,25.46494483048637,85.800957867342,9.995934999648206,-0.148809371133782,0.0164063392015176,0.0441603931544096,0.9238237589864976,0.8933091047189098,9152.77611178587,0.7291198362798396,0.6646759382564924,0.4198229253993504,0.6990249564270312,0.6618950121494137,0.2673323427656619,4.0,1.0,8.0,448856782.86647326,0.22769179872349668,0.5565147741936252,0.14614837571765393,0.5714285713469388,0.10217495421326528,32.0791694838996,🟢 HIJAU,0
Pasirluyu,143.61485857253717,26.817191158014808,84.50807708800511,9.379659472100338,-0.5261943138497918,0.0509807748326601,0.0174353953461047,0.729309958962761,0.8050956397965124,19427.460795117036,0.590830775663059,0.6777873830117345,0.396148132078496,0.40397805940318,0.2059678751106862,0.2657668509193646,5.0,0.0,4.0,73904618.82882673,0.16389726905925187,0.5247251292015167,0.48071108859058026,0.7142857141836735,0.32801329445154875,44.23264990973143,🟡 KUNING,0
Pasteur,165.2022550914082,24.92818748826041,73.94445459703095,3.789319878419776,0.0317751328298531,0.0319856985985425,0.0520732456790761,0.7774333996419469,0.9183384820817616,10020.59629287834,0.581327201695886,0.3372532942296657,0.3162967511292953,0.5418466247504607,0.4520297197719938,0.3490762416445277,2.0,0.0,3.0,63726038.00052819,0.2582184631211283,0.41750362073459135,0.29690348276547734,0.2857142856734694,0.121249706905303,27.59179118399938,🟢 HIJAU,0
Pelindung Hewan,396.3595793498177,23.556136268421135,71.8612194968956,18.166011594847323,-0.18604438353349984,0.0522560743124077,0.0670757431756753,0.6619026188342185,0.9498124917704307,11210.926284613968,0.8556121670977873,0.8966014651820643,0.5502437465751491,0.5771256493658922,0.7157274213694736,0.2063882036321855,0.0,0.0,5.0,3990795068.8801026,0.22139745617239537,0.7316390740584009,0.4930516415419486,0.0,0.14741324943284545,31.87002842411181,🟢 HIJAU,0
Pungkur,204.58450873800857,22.858635363296575,88.44383045723464,1.0,0.1052597508335042,0.0274777431072726,0.0406163955233569,0.6369609137099312,0.9505581885658868,6724.031244056201,0.6198600589320518,0.6448595593391448,0.2841761625924747,0.5940318308276978,0.8106162942632176,0.2253845282758386,4.0,1.0,7.0,54459192.92339081,0.2706405714579397,0.3743732713928019,0.25328183598692006,0.5714285713469388,0.048790959794422765,30.37030419958046,🟢 HIJAU,0
Rancabolang,146.88902043410363,28.744312394025265,78.37584475011793,5.24897102422822,-0.4922842813942007,0.0098492018304315,0.0110497585591903,0.7900675997829908,0.965770749172208,9586.24646133232,0.7631925157553293,0.7575666819280172,0.2007926074670787,0.3862110675831435,0.6394833356204453,0.2657668509193646,4.0,0.0,5.0,67903200.40234873,0.1696295448512715,0.2624088888661215,0.08269763162004097,0.5714285713469388,0.11170266501911559,23.95734603406977,🟢 HIJAU,0
Rancanumpang,127.60932562318516,26.231510388340244,87.4355209657703,3.128702504953861,-0.6919613604190444,0.0194636225044927,0.0307622100464676,0.8733524131720881,0.904091359986403,25408.69662286138,0.5422554175467325,0.7731538751375181,0.2072331187010375,0.6773418304819997,0.7772637832045903,0.6137092314734427,4.0,4.0,3.0,717493380.663189,0.13587540180188654,0.2710569713613079,0.17573245936768836,0.5714285713469388,0.45948130671113235,32.27149421177907,🟢 HIJAU,0
Regol,266.0588073410172,22.117393005594703,78.48430149673807,4.941034746923033,0.7419403881845802,0.0115718616639883,0.0525287581457709,0.8622644653091959,0.9513322194428376,33117.1170660178,0.8346896409148933,0.5522096148910587,0.27056198598710757,0.5940318308276978,0.6666689302620546,0.210640989021975,2.0,1.0,4.0,77883511.7563737,0.3782673927980494,0.3560926538905044,0.09936710826517405,0.2857142856734694,0.6289129664062983,34.967088140669915,🟢 HIJAU,0
Sadang Serang,288.7727537387149,25.53007053441732,75.6907308886389,10.945733190467276,0.9771855263623194,0.0566421400614613,0.0176057094738946,0.7123663490662497,0.9783050121398392,20347.46871454284,0.6570849065475562,0.5264056783581488,0.2798311894927176,0.912756633342612,0.6384776097895787,0.0289345793908906,3.0,0.0,5.0,108544909.92417765,0.418034090530721,0.3685390007206323,0.5354938109962097,0.4285714285102041,0.34823513754774366,41.977469366110206,🟡 KUNING,0
Samoja,115.12148501846976,22.99252767128502,78.77596771994175,1.0,-0.8212961636787556,0.0090397947175206,0.0119505945519979,0.6202621602117011,0.9916586836116446,14625.50392572858,0.641762354437619,0.5906483503620485,0.1997711588453576,0.5835490081904902,0.4809619344889458,0.1164913607584426,5.0,2.0,6.0,27659099.21660962,0.11401217407533715,0.26103732508424937,0.07486532909446637,0.7142857141836735,0.22246592217667355,27.733329292288,🟢 HIJAU,0
Sarijadi,165.2022550914082,22.214059404338755,78.48430149673807,7.203190511036478,0.2157408062686648,0.0231307246402434,0.0216168910887222,0.8371786152710442,0.8447020311851625,14171.47067657982,0.8275897939184463,0.4778219078420161,0.4771332841901341,0.6715664399668976,0.6498500753183692,0.5382912936153169,6.0,0.0,5.0,683874394.7384593,0.28931669276148425,0.6334690240423256,0.21121751115588766,0.8571428570204082,0.21248623729475197,44.072646445497156,🟡 KUNING,0
Sekejati,97.96084340975024,24.08375549928545,77.73844201524726,13.568661302784555,-0.9990265076612116,0.0066786888748774,0.0180158023979812,0.9435929322092363,0.8987562560301695,11075.318552885428,0.7697948953047635,0.5135018926976336,0.2090687028367796,0.5835807200371144,0.7434846393302267,0.2657668509193646,3.0,4.0,3.0,103369473.21078788,0.08396798730989567,0.2735217264802887,0.052017870801226766,0.4285714285102041,0.14443258131494827,19.65023188833127,🟢 HIJAU,0
Sekeloa,246.12465726161292,21.744661264085817,69.97976508289753,6.1620669063585805,-0.18604438353349984,0.0187762666060007,0.0335194722975074,0.6039160444205085,0.980454697675934,9267.410732844302,0.1237103189161465,0.6419110359640238,0.2907880033402039,0.3928367134398292,0.6179540447621612,0.3723524645882027,3.0,0.0,6.0,33892159.84081595,0.22139745617239537,0.38325140888131465,0.16908119666706006,0.4285714285102041,0.10469463178504333,26.139922440320344,🟢 HIJAU,0
Sindang Jaya,235.32576371914996,25.759257683847224,77.49856722181462,3.8746539388696903,0.4236425914537817,0.0452162464070011,0.0207705401690636,0.9094699011382056,0.9209867693689284,23363.79220263981,0.8691071818165435,0.7218149375615389,0.2074405177870788,0.7234889074051677,0.6108320647994766,0.2315270652872101,3.0,1.0,5.0,22774903.272583824,0.32446117019290655,0.27133545925463765,0.42493009800271325,0.4285714285102041,0.41453415412765837,37.2766462017624,🟢 HIJAU,0
Sindangjaya,541.9793022094276,24.898119391146945,83.48841167998751,10.811145225508977,3.599610024490868,0.035932102011543,0.0189823055408825,0.7572655153224459,0.9376860048205234,7235.939849193449,0.7369590052980789,0.7071855938814394,0.1320147770620504,0.6780244028883329,0.7120782175130026,0.5871947805751526,2.0,1.0,4.0,400883380.6708419,0.8613383099150067,0.1700565383187849,0.3350912191042641,0.2857142856734694,0.06004274934329769,34.24486204709646,🟢 HIJAU,0
Situ Saeur,178.05401876226944,21.274568257620697,95.22545966009244,1.523219469303096,-0.1695127907138544,0.0254094868010963,0.0347103959051905,0.9529228250338656,0.9238971228358276,19979.151175075323,0.1392800332737341,0.7961051229863414,0.5327875402080797,0.7272721029950644,0.8765037023481167,0.3918332039288349,4.0,0.0,5.0,1482939509.416106,0.2241920170283215,0.7081995197696925,0.23326816322323207,0.5714285713469388,0.34013949039577435,41.544555235279184,🟡 KUNING,0
Situsaeur,190.2880115484136,24.2705271170662,67.43813434383486,11.739790067296708,-0.0428070534962276,0.043002080999027,0.0237841545126941,0.8214537715783816,0.8713708361755779,29760.638649281587,0.9023502226024204,0.651022761311744,0.3598740706896604,0.6471001662514732,0.7706765197271459,0.2887216234993601,5.0,1.0,8.0,11666368.297401495,0.2456108178246284,0.47601764870337593,0.4035045223680394,0.7142857141836735,0.5551373189734303,47.89112044106295,🟡 KUNING,0
Suka Asih,165.2022550914082,23.196799304788367,71.92693870757041,13.589304272289436,1.917198104068254,0.035564105886746,0.0172733045127036,0.7766640503304374,0.9993656649573424,12601.83741383032,0.7268854842745134,0.4032443698872144,0.2918793276226026,0.6157875896478474,0.8457370065058567,0.2657668509193646,5.0,1.0,6.0,474655372.5382184,0.5769372514296217,0.384716799139998,0.33153027068699154,0.7142857141836735,0.17798558041160364,43.70911231703777,🟡 KUNING,0
Sukabungah,155.93638758631144,24.846361851702365,79.8563994988611,3.109798090049086,-0.3985819762729033,0.0384925201466184,0.0214973910850052,0.8074233332873771,0.9604519582599014,10377.929519681104,0.7734919890456947,0.6044790781426936,0.2096374939492888,0.8024697759250096,0.5092062230394511,0.1111721141574002,3.0,3.0,3.0,168638434.02773833,0.1854693248929651,0.2742854783448258,0.35986734116446845,0.4285714285102041,0.12910391804075974,27.545949819064464,🟢 HIJAU,0
Sukahaji,262.2329655069238,26.212797588646943,79.95973256886978,2.5093968950283507,0.7023166840889016,0.0485542842690073,0.006853084221316,0.9396676221077972,0.906945898168694,16541.068666676645,0.5822302367175195,0.8176214707094294,0.1227555521955016,0.3929204704843827,0.4945592967601318,0.2284738200736848,1.0,2.0,2.0,1924456641.7463725,0.3715692570744913,0.15762359043955645,0.45723092901843077,0.1428571428367347,0.2645701789054973,27.877021965494208,🟢 HIJAU,0
Sukamaju,134.24690176748166,29.94033833317924,78.48430149673807,4.967128873767341,-0.6232169207743088,0.0287231189988423,0.0532558716540977,0.7651837797317913,0.9733902969808034,12639.232385202677,0.7186380929543784,0.8759390912699687,0.1169097053007395,0.495186299672131,0.8681106933296303,0.2073022908573975,2.0,1.0,2.0,77883511.7563737,0.14749621306850924,0.14977400142967023,0.2653328305794334,0.2857142856734694,0.17880752468807296,20.542497108783103,🟢 HIJAU,0
Sukamulya,164.6495898223012,22.004433636070303,90.40921580418018,5.102853152362174,-0.3083405700422467,0.0443998953063322,0.0407380980432977,0.749011313229636,0.9355363329583468,27274.542190178425,0.4120965120124348,0.7913088536610072,0.572435954343304,0.7777681617098762,0.7231756035449487,0.1219856291513422,5.0,2.0,0.0,10980619.771103583,0.20072406194021655,0.7614379574944525,0.41703060133961867,0.7142857141836735,0.5004927322731696,51.879421344622614,🟡 KUNING,0
Sukapada,134.17523827118336,22.78568488716743,78.6064364655498,1.0,-0.6239591294946174,0.0163940776519406,0.0210234638962267,0.91388625125862,0.9739301680795688,7385.7045366259745,0.4439536066069618,0.8334603748257711,0.27056198598710757,0.6652014919882905,0.5810677836618509,0.3946549544263369,4.0,0.0,4.0,57538496.62928826,0.14737074739443115,0.3560926538905044,0.1460297257031093,0.5714285713469388,0.06333458840974981,25.68512573489467,🟢 HIJAU,0
Sukapura,110.46865741658917,23.29956624568241,86.46739589479671,6.835417153589358,-0.8694848426937128,0.0168519216463705,0.0054076608769488,0.779639641077024,0.98240138951751,6479.508121935545,0.6731195636576569,0.4813016984235034,0.27056198598710757,0.3167923963537079,0.6849932605510193,0.0582600079553442,2.0,1.0,7.0,77883511.7563737,0.1058661836953928,0.3560926538905044,0.15046009531154542,0.2857142856734694,0.04341632322390095,18.83099083589626,🟢 HIJAU,0
Sukaraja,165.2022550914082,23.52927290434179,78.48430149673807,1.327106340718607,1.0872069335676204,0.0233966542626503,0.0176658616812148,0.7611279967218254,0.9498124917704307,17942.460404932255,0.641762354437619,0.9556698656132416,0.5795435339820294,0.4469130623860647,0.7393303704933292,0.3128191893968943,2.0,2.0,4.0,3749473.912993426,0.43663251121795627,0.7709817550011953,0.2137908036560142,0.2857142856734694,0.2953728744572873,40.04984460011845,🟡 KUNING,0
Sukarasa,307.5264540906889,24.616417436892,76.29242278630522,17.696639199544197,1.1714149549873338,0.0446165004254194,0.0259132454737386,0.8139179765338233,0.9647796553422556,6910.999111416632,0.6174123977956526,0.8199280739365707,0.4777410693154099,0.2345774533935942,0.6702103546312005,0.3954592844191542,5.0,0.0,5.0,42239607.21198857,0.4508673428510504,0.6342851356384079,0.41912660073747154,0.7142857141836735,0.05290052754700529,45.42930641915217,🟡 KUNING,0
Sukawarna,86.55144740454917,24.761481154572184,66.4153252680214,1.900455484989039,-1.1171920123592467,0.0469067628940683,0.0137799645034625,0.7760544912682011,0.8751475651439308,25977.930041731448,0.6460651956136404,0.6521835952868391,0.4798413981078802,0.3842192567652801,0.2570608129855812,0.099455159938295,1.0,0.0,4.0,46819309.48713546,0.06399285862432434,0.637105380181811,0.44128853659310835,0.1428571428367347,0.4719930999668745,35.14474036405705,🟢 HIJAU,0
Tamansari,98.45289151200654,25.44647524914709,75.42891326677605,6.076236018824551,-0.9939304348881812,0.0146498782777696,0.0104293122282301,0.951298788983961,0.8148610603036063,8844.662181863067,0.5813122292299769,0.8830009026185897,0.4799059691988199,0.5940318308276978,0.7957315579513653,0.2101411485392974,1.0,0.0,6.0,732270355.4425521,0.0848294460722684,0.6371920838767453,0.12915181970807146,0.1428571428367347,0.09540258691610158,21.788661588198426,🟢 HIJAU,0
Turangga,76.51915363007875,25.325561853873,83.45562377035971,4.433156400558644,-1.2210950635460798,0.0246599518708457,0.0090934619546066,0.8017338964110523,0.9116780450144693,25451.96782905155,0.554586198909979,0.8163923651936238,0.1419092668807659,0.833138925132121,0.7538293370950705,0.1974216206671193,0.0,1.0,6.0,21965162.868058767,0.046428707194647346,0.18334249669874367,0.22601521939117758,0.0,0.46043241106978494,18.32437668708707,🟢 HIJAU,0
Ujung Berung,178.1532464740496,21.639717244078735,87.43437747251062,3.4323464136317985,-0.1684851033027776,0.0104200668513834,0.0216047559073726,0.5992425374800694,0.8568475771728928,18675.63486466069,0.7760423967431943,0.8388536705471062,0.0392801631314842,0.6526030167655852,0.2612479750116818,0.3979029709391459,1.0,1.0,9.0,390446791.90005654,0.22436574106341325,0.04553589666502538,0.08822165960798868,0.1428571428367347,0.31148810409141825,16.249370885291604,🟢 HIJAU,0
Warung Muncang,189.33606052281223,22.344510444141388,95.51842346574138,4.433156400558644,-0.0526662759596007,0.0207710164163961,0.0148961029527207,0.8760044769578544,0.9444603840297476,8739.637323472733,0.550425976016208,0.5366789536209888,0.43911412045465,0.7836335161737209,0.5623807975071468,0.2588463673253999,3.0,1.0,7.0,18516270.20021738,0.24394417883426636,0.5824182840562134,0.18838357704973555,0.4285714285102041,0.09309413264877862,30.72823202198396,🟢 HIJAU,0
Wates,187.4972356954079,25.182303949633287,69.95186094800238,1.6318370564944038,-0.0717107252610763,0.0974015082730655,0.0258071264902661,0.8350430783589915,0.9489009497734178,18487.39710449076,0.8587339353691374,0.7333207228956464,0.4850993016333455,0.6189190364787653,0.3246492640437338,0.1655449162754559,2.0,1.0,4.0,43639794.07062073,0.24072483553678758,0.6441655003785125,0.9299055940067138,0.2857142856734694,0.3073506239996043,48.15721679190175,🟡 KUNING,0
